image,candidate_image,matched,score,keyword,matched_text,text_count
/Users/guobiao/PRO/me/yoloExample/datasets/softcare/raw/images/row00002_1d59f9162b2f.webp,/Users/guobiao/PRO/me/yoloExample/datasets/softcare/raw/images/row00002_1d59f9162b2f.webp,True,73.04,softcare,Soltcare,21
/Users/guobiao/PRO/me/yoloExample/datasets/softcare/raw/images/row00002_78e277790497.webp,/Users/guobiao/PRO/me/yoloExample/datasets/softcare/raw/images/row00002_78e277790497.webp,True,78.31,softcare,Saftcare,11
/Users/guobiao/PRO/me/yoloExample/datasets/softcare/raw/images/row00003_b58cacefd649.webp,,False,52.76,softcare,OFT&SMOO,10
/Users/guobiao/PRO/me/yoloExample/datasets/softcare/raw/images/row00004_9af483ed86ef.webp,/Users/guobiao/PRO/me/yoloExample/datasets/softcare/raw/images/row00004_9af483ed86ef.webp,True,73.81,softcare,eesoft,62
/Users/guobiao/PRO/me/yoloExample/datasets/softcare/raw/images/row00005_118e88c6282f.webp,/Users/guobiao/PRO/me/yoloExample/datasets/softcare/raw/images/row00005_118e88c6282f.webp,True,66.09,softcare,Soap,43
/Users/guobiao/PRO/me/yoloExample/datasets/softcare/raw/images/row00006_0e6cd3490cea.webp,,False,46.99,softcare,BATHBAR,7
/Users/guobiao/PRO/me/yoloExample/datasets/softcare/raw/images/row00006_5c925b7eed28.webp,/Users/guobiao/PRO/me/yoloExample/datasets/softcare/raw/images/row00006_5c925b7eed28.webp,True,96.09,softcare,SOFT,20
/Users/guobiao/PRO/me/yoloExample/datasets/softcare/raw/images/row00007_20942054fd6a.webp,,False,35.06,softcare,GOD IS LOVE (GILE),6
/Users/guobiao/PRO/me/yoloExample/datasets/softcare/raw/images/row00007_99af0ec01033.webp,/Users/guobiao/PRO/me/yoloExample/datasets/softcare/raw/images/row00007_99af0ec01033.webp,True,71.43,softcare,SOFT&SA,7
/Users/guobiao/PRO/me/yoloExample/datasets/softcare/raw/images/row00008_5d335be2a9b5.webp,/Users/guobiao/PRO/me/yoloExample/datasets/softcare/raw/images/row00008_5d335be2a9b5.webp,True,76.34,softcare,Soltcare,15
/Users/guobiao/PRO/me/yoloExample/datasets/softcare/raw/images/row00008_8951ed271377.webp,/Users/guobiao/PRO/me/yoloExample/datasets/softcare/raw/images/row00008_8951ed271377.webp,True,81.56,softcare,Softcare,19
/Users/guobiao/PRO/me/yoloExample/datasets/softcare/raw/images/row00009_115ef4114ac7.webp,,False,37.35,softcare,KOK,7
/Users/guobiao/PRO/me/yoloExample/datasets/softcare/raw/images/row00010_5a94c16fadc0.webp,,False,58.38,softcare,Meesoft,15
/Users/guobiao/PRO/me/yoloExample/datasets/softcare/raw/images/row00011_1711e737924b.webp,,False,49.05,softcare,ha,19
/Users/guobiao/PRO/me/yoloExample/datasets/softcare/raw/images/row00012_e0a99530b7ba.webp,,False,55.71,softcare,FATAW ENTERPRISE,6
/Users/guobiao/PRO/me/yoloExample/datasets/softcare/raw/images/row00013_6ac065a94755.webp,/Users/guobiao/PRO/me/yoloExample/datasets/softcare/raw/images/row00013_6ac065a94755.webp,True,65.79,softcare,Kleesoft,21
/Users/guobiao/PRO/me/yoloExample/datasets/softcare/raw/images/row00014_7cb985b70e20.webp,/Users/guobiao/PRO/me/yoloExample/datasets/softcare/raw/images/row00014_7cb985b70e20.webp,True,78.53,softcare,esoft,6
/Users/guobiao/PRO/me/yoloExample/datasets/softcare/raw/images/row00015_2e148699f157.webp,,False,56.88,softcare,Fresh,7
/Users/guobiao/PRO/me/yoloExample/datasets/softcare/raw/images/row00016_4f6f27ec1e7a.webp,,False,38.59,softcare,PANYIN ENTERPRISE,5
/Users/guobiao/PRO/me/yoloExample/datasets/softcare/raw/images/row00017_7adf459cb9d5.webp,/Users/guobiao/PRO/me/yoloExample/datasets/softcare/raw/images/row00017_7adf459cb9d5.webp,True,72.42,softcare,"Saftcare""",38
/Users/guobiao/PRO/me/yoloExample/datasets/softcare/raw/images/row00018_21991d65a644.webp,,False,59.24,softcare,FANTA,9
/Users/guobiao/PRO/me/yoloExample/datasets/softcare/raw/images/row00019_8298c92a81ce.webp,/Users/guobiao/PRO/me/yoloExample/datasets/softcare/raw/images/row00019_8298c92a81ce.webp,True,63.47,softcare,Kleesoft,22
/Users/guobiao/PRO/me/yoloExample/datasets/softcare/raw/images/row00019_d145e4820d3e.webp,,False,52.55,softcare,MEDICATED SOA,32
/Users/guobiao/PRO/me/yoloExample/datasets/softcare/raw/images/row00020_9585d0341d57.webp,/Users/guobiao/PRO/me/yoloExample/datasets/softcare/raw/images/row00020_9585d0341d57.webp,True,66.13,softcare,ita,22
/Users/guobiao/PRO/me/yoloExample/datasets/softcare/raw/images/row00021_8ed786653a19.webp,,False,58.33,softcare,sister ama store,36
/Users/guobiao/PRO/me/yoloExample/datasets/softcare/raw/images/row00021_ed7be46635a0.webp,/Users/guobiao/PRO/me/yoloExample/datasets/softcare/raw/images/row00021_ed7be46635a0.webp,True,76.73,softcare,So,18
/Users/guobiao/PRO/me/yoloExample/datasets/softcare/raw/images/row00022_63dcaf991eb9.webp,,False,49.34,softcare,AL,14
/Users/guobiao/PRO/me/yoloExample/datasets/softcare/raw/images/row00023_f3990890e051.webp,/Users/guobiao/PRO/me/yoloExample/datasets/softcare/raw/images/row00023_f3990890e051.webp,True,64.7,softcare,A,16
/Users/guobiao/PRO/me/yoloExample/datasets/softcare/raw/images/row00024_474b009284fc.webp,/Users/guobiao/PRO/me/yoloExample/datasets/softcare/raw/images/row00024_474b009284fc.webp,True,73.54,softcare,Softcane,27
/Users/guobiao/PRO/me/yoloExample/datasets/softcare/raw/images/row00024_bd0e836137a0.webp,/Users/guobiao/PRO/me/yoloExample/datasets/softcare/raw/images/row00024_bd0e836137a0.webp,True,63.22,softcare,Kleesoft,13
/Users/guobiao/PRO/me/yoloExample/datasets/softcare/raw/images/row00025_3bd84ddebf80.webp,,False,43.98,softcare,Santex,8
/Users/guobiao/PRO/me/yoloExample/datasets/softcare/raw/images/row00026_5525c69d24c0.webp,/Users/guobiao/PRO/me/yoloExample/datasets/softcare/raw/images/row00026_5525c69d24c0.webp,True,97.34,softcare,Care,42
/Users/guobiao/PRO/me/yoloExample/datasets/softcare/raw/images/row00027_d1b3dbbca054.webp,/Users/guobiao/PRO/me/yoloExample/datasets/softcare/raw/images/row00027_d1b3dbbca054.webp,True,74.96,softcare,ftcare,35
/Users/guobiao/PRO/me/yoloExample/datasets/softcare/raw/images/row00028_31aba0b9e162.webp,/Users/guobiao/PRO/me/yoloExample/datasets/softcare/raw/images/row00028_31aba0b9e162.webp,True,81.02,softcare,SO,17
/Users/guobiao/PRO/me/yoloExample/datasets/softcare/raw/images/row00029_764318b37967.webp,/Users/guobiao/PRO/me/yoloExample/datasets/softcare/raw/images/row00029_764318b37967.webp,True,63.29,softcare,lteare,13
/Users/guobiao/PRO/me/yoloExample/datasets/softcare/raw/images/row00030_02ff529f85f0.webp,,False,47.17,softcare,God time is thebestab,8
/Users/guobiao/PRO/me/yoloExample/datasets/softcare/raw/images/row00030_df608a75317c.webp,/Users/guobiao/PRO/me/yoloExample/datasets/softcare/raw/images/row00030_df608a75317c.webp,True,72.67,softcare,Softcaie,12
/Users/guobiao/PRO/me/yoloExample/datasets/softcare/raw/images/row00031_8b6f6cba8bb0.webp,,False,59.13,softcare,gods favour ent,6
/Users/guobiao/PRO/me/yoloExample/datasets/softcare/raw/images/row00032_8c44741b9962.webp,,False,51.98,softcare,Softes,22
/Users/guobiao/PRO/me/yoloExample/datasets/softcare/raw/images/row00032_8d3a1d4154fa.webp,,False,44.53,softcare,GRACIOUS SUPERMARKET,8
/Users/guobiao/PRO/me/yoloExample/datasets/softcare/raw/images/row00033_f8a3ee683953.webp,,False,38.51,softcare,MASHAHALLAH ENTERPRISE,7
/Users/guobiao/PRO/me/yoloExample/datasets/softcare/raw/images/row00034_c74006569666.webp,,False,42.36,softcare,ADOMARAKWAENT,8
/Users/guobiao/PRO/me/yoloExample/datasets/softcare/raw/images/row00035_7a6c3aca8363.webp,/Users/guobiao/PRO/me/yoloExample/datasets/softcare/raw/images/row00035_7a6c3aca8363.webp,True,69.48,softcare,leesoft,28
/Users/guobiao/PRO/me/yoloExample/datasets/softcare/raw/images/row00036_b23b1714ca91.webp,,False,44.93,softcare,BO,13
/Users/guobiao/PRO/me/yoloExample/datasets/softcare/raw/images/row00037_4d1812d2623f.webp,,False,37.93,softcare,FRANCISCAAND SONS ENT,7
/Users/guobiao/PRO/me/yoloExample/datasets/softcare/raw/images/row00038_5c9a1ac516cd.webp,/Users/guobiao/PRO/me/yoloExample/datasets/softcare/raw/images/row00038_5c9a1ac516cd.webp,True,69.22,softcare,ltcare,16
/Users/guobiao/PRO/me/yoloExample/datasets/softcare/raw/images/row00039_769ca7c370a1.webp,,False,57.36,softcare,5oft,28
/Users/guobiao/PRO/me/yoloExample/datasets/softcare/raw/images/row00040_dd5b0f77af02.webp,/Users/guobiao/PRO/me/yoloExample/datasets/softcare/raw/images/row00040_dd5b0f77af02.webp,True,71.85,softcare,s,18
/Users/guobiao/PRO/me/yoloExample/datasets/softcare/raw/images/row00041_f3694b712d38.webp,,False,38.91,softcare,OBOLO ENTERPRISE,5
/Users/guobiao/PRO/me/yoloExample/datasets/softcare/raw/images/row00042_0c929810434b.webp,,False,52.89,softcare,O,5
/Users/guobiao/PRO/me/yoloExample/datasets/softcare/raw/images/row00043_0a80c393a4f6.webp,/Users/guobiao/PRO/me/yoloExample/datasets/softcare/raw/images/row00043_0a80c393a4f6.webp,True,60.37,softcare,tlcare,16
/Users/guobiao/PRO/me/yoloExample/datasets/softcare/raw/images/row00044_2d18a52436db.webp,,False,44.74,softcare,ASANTEWAA GROCERY,6
/Users/guobiao/PRO/me/yoloExample/datasets/softcare/raw/images/row00045_ac154b4015c2.webp,/Users/guobiao/PRO/me/yoloExample/datasets/softcare/raw/images/row00045_ac154b4015c2.webp,True,65.28,softcare,SOFT&SMOOTH,35
/Users/guobiao/PRO/me/yoloExample/datasets/softcare/raw/images/row00046_29008cd5a9e9.webp,,False,44.33,softcare,lcane,20
/Users/guobiao/PRO/me/yoloExample/datasets/softcare/raw/images/row00047_28ecd3144b6a.webp,/Users/guobiao/PRO/me/yoloExample/datasets/softcare/raw/images/row00047_28ecd3144b6a.webp,True,64.84,softcare,Kleesoft,17
/Users/guobiao/PRO/me/yoloExample/datasets/softcare/raw/images/row00048_ca7b78dbed36.webp,,False,51.6,softcare,AePsoft,11
/Users/guobiao/PRO/me/yoloExample/datasets/softcare/raw/images/row00049_87b4c7a383ac.webp,/Users/guobiao/PRO/me/yoloExample/datasets/softcare/raw/images/row00049_87b4c7a383ac.webp,True,64.9,softcare,EN,11
/Users/guobiao/PRO/me/yoloExample/datasets/softcare/raw/images/row00050_1a9cfcab91af.webp,,False,51.71,softcare,Aer,11
/Users/guobiao/PRO/me/yoloExample/datasets/softcare/raw/images/row00050_6e388b1cc7b2.webp,,False,45.15,softcare,octicide,11
/Users/guobiao/PRO/me/yoloExample/datasets/softcare/raw/images/row00050_a558878db236.webp,/Users/guobiao/PRO/me/yoloExample/datasets/softcare/raw/images/row00050_a558878db236.webp,True,94.02,softcare,soft,22
/Users/guobiao/PRO/me/yoloExample/datasets/softcare/raw/images/row00051_723187a0c4f2.webp,/Users/guobiao/PRO/me/yoloExample/datasets/softcare/raw/images/row00051_723187a0c4f2.webp,True,68.39,softcare,tcae,20
/Users/guobiao/PRO/me/yoloExample/datasets/softcare/raw/images/row00051_a521cc9375e2.webp,/Users/guobiao/PRO/me/yoloExample/datasets/softcare/raw/images/row00051_a521cc9375e2.webp,True,75.04,softcare,Softcave,20
/Users/guobiao/PRO/me/yoloExample/datasets/softcare/raw/images/row00051_f11498117c91.webp,/Users/guobiao/PRO/me/yoloExample/datasets/softcare/raw/images/row00051_f11498117c91.webp,True,79.5,softcare,eesoft,47
/Users/guobiao/PRO/me/yoloExample/datasets/softcare/raw/images/row00052_267902abc0f0.webp,,False,45.56,softcare,TIN-GLADVENTURES,8
/Users/guobiao/PRO/me/yoloExample/datasets/softcare/raw/images/row00052_aebd127ea7b2.webp,,False,45.39,softcare,TIN-GLADVENTURES,6
/Users/guobiao/PRO/me/yoloExample/datasets/softcare/raw/images/row00052_e827cce4a570.webp,,False,44.51,softcare,TIN-GLAD VENTURES,5
/Users/guobiao/PRO/me/yoloExample/datasets/softcare/raw/images/row00053_68b732c5680a.webp,/Users/guobiao/PRO/me/yoloExample/datasets/softcare/raw/images/row00053_68b732c5680a.webp,True,78.87,softcare,tcare,12
/Users/guobiao/PRO/me/yoloExample/datasets/softcare/raw/images/row00053_9433041b8b5f.webp,/Users/guobiao/PRO/me/yoloExample/datasets/softcare/raw/images/row00053_9433041b8b5f.webp,True,72.82,softcare,PHINMART KIDS CARE,24
/Users/guobiao/PRO/me/yoloExample/datasets/softcare/raw/images/row00054_a16e0792798a.webp,,False,32.77,softcare,OBOLO SHOP,5
/Users/guobiao/PRO/me/yoloExample/datasets/softcare/raw/images/row00055_7cace32ec1a7.webp,,False,57.8,softcare,O,13
/Users/guobiao/PRO/me/yoloExample/datasets/softcare/raw/images/row00056_2813dbb5d9d3.webp,,False,38.74,softcare,avita,10
/Users/guobiao/PRO/me/yoloExample/datasets/softcare/raw/images/row00057_c14f414f2820.webp,/Users/guobiao/PRO/me/yoloExample/datasets/softcare/raw/images/row00057_c14f414f2820.webp,True,84.59,softcare,esoft,7
/Users/guobiao/PRO/me/yoloExample/datasets/softcare/raw/images/row00058_1ee2bc6e8f1c.webp,,False,39.6,softcare,AGAPEENTERPRISE,6
/Users/guobiao/PRO/me/yoloExample/datasets/softcare/raw/images/row00059_05da029f6fd2.webp,,False,49.27,softcare,NEWTESTAMENTPROVISIONS,11
/Users/guobiao/PRO/me/yoloExample/datasets/softcare/raw/images/row00060_4e2696549c5b.webp,,False,34.7,softcare,FIILIZ MART,6
/Users/guobiao/PRO/me/yoloExample/datasets/softcare/raw/images/row00061_f7cdbf0a4463.webp,,False,39.42,softcare,LICEENTERPRISE,4
/Users/guobiao/PRO/me/yoloExample/datasets/softcare/raw/images/row00062_f8f6cb2b006f.webp,,False,31.99,softcare,SILENT NIGHT,7
/Users/guobiao/PRO/me/yoloExample/datasets/softcare/raw/images/row00063_b3a57d1ed15b.webp,/Users/guobiao/PRO/me/yoloExample/datasets/softcare/raw/images/row00063_b3a57d1ed15b.webp,True,65.83,softcare,Kleesoft,9
/Users/guobiao/PRO/me/yoloExample/datasets/softcare/raw/images/row00064_2c7fa8e65842.webp,/Users/guobiao/PRO/me/yoloExample/datasets/softcare/raw/images/row00064_2c7fa8e65842.webp,True,62.96,softcare,SOFT&SMOOTH,25
/Users/guobiao/PRO/me/yoloExample/datasets/softcare/raw/images/row00065_1981f64cf344.webp,,False,49.57,softcare,AUNTIECHARLOTTEENTERPRISE,7
/Users/guobiao/PRO/me/yoloExample/datasets/softcare/raw/images/row00066_1b84f1812b4c.webp,,False,39.31,softcare,uperGlue,22
/Users/guobiao/PRO/me/yoloExample/datasets/softcare/raw/images/row00067_6b52c8790648.webp,,False,46.43,softcare,oltcwie,6
/Users/guobiao/PRO/me/yoloExample/datasets/softcare/raw/images/row00068_af0010cdb230.webp,,False,48.24,softcare,AFIA'SVENTURES,5
/Users/guobiao/PRO/me/yoloExample/datasets/softcare/raw/images/row00069_592ff0848ca1.webp,/Users/guobiao/PRO/me/yoloExample/datasets/softcare/raw/images/row00069_592ff0848ca1.webp,True,64.38,softcare,PREMIUM SOFT,14
/Users/guobiao/PRO/me/yoloExample/datasets/softcare/raw/images/row00070_4c8b1e2d175f.webp,,False,55.82,softcare,Seftare,5
/Users/guobiao/PRO/me/yoloExample/datasets/softcare/raw/images/row00071_98d6763b9dc6.webp,/Users/guobiao/PRO/me/yoloExample/datasets/softcare/raw/images/row00071_98d6763b9dc6.webp,True,66.17,softcare,leesoft,9
/Users/guobiao/PRO/me/yoloExample/datasets/softcare/raw/images/row00072_79db58ab0afd.webp,,False,55.67,softcare,Provislans.Food Stuffs & Cold Store,6
/Users/guobiao/PRO/me/yoloExample/datasets/softcare/raw/images/row00073_3a175dadabf8.webp,/Users/guobiao/PRO/me/yoloExample/datasets/softcare/raw/images/row00073_3a175dadabf8.webp,True,63.92,softcare,PREMIUM SOFT,20
/Users/guobiao/PRO/me/yoloExample/datasets/softcare/raw/images/row00074_18b3b453dcca.webp,,False,47.15,softcare,Cuertle,5
/Users/guobiao/PRO/me/yoloExample/datasets/softcare/raw/images/row00075_76677b4c55ca.webp,/Users/guobiao/PRO/me/yoloExample/datasets/softcare/raw/images/row00075_76677b4c55ca.webp,True,66.11,softcare,ex,22
/Users/guobiao/PRO/me/yoloExample/datasets/softcare/raw/images/row00076_42fc816470b2.webp,/Users/guobiao/PRO/me/yoloExample/datasets/softcare/raw/images/row00076_42fc816470b2.webp,True,62.63,softcare,leesoft,7
/Users/guobiao/PRO/me/yoloExample/datasets/softcare/raw/images/row00077_20155275b59a.webp,/Users/guobiao/PRO/me/yoloExample/datasets/softcare/raw/images/row00077_20155275b59a.webp,True,71.78,softcare,"eesoft,",9
/Users/guobiao/PRO/me/yoloExample/datasets/softcare/raw/images/row00078_6b1a31a6c36a.webp,/Users/guobiao/PRO/me/yoloExample/datasets/softcare/raw/images/row00078_6b1a31a6c36a.webp,True,70.71,softcare,leesoft,35
/Users/guobiao/PRO/me/yoloExample/datasets/softcare/raw/images/row00079_533cc72f7ef0.webp,/Users/guobiao/PRO/me/yoloExample/datasets/softcare/raw/images/row00079_533cc72f7ef0.webp,True,66.21,softcare,leesoft,22
/Users/guobiao/PRO/me/yoloExample/datasets/softcare/raw/images/row00080_f9f1cef54cf0.webp,/Users/guobiao/PRO/me/yoloExample/datasets/softcare/raw/images/row00080_f9f1cef54cf0.webp,True,70.64,softcare,S,18
/Users/guobiao/PRO/me/yoloExample/datasets/softcare/raw/images/row00081_8086b115a420.webp,/Users/guobiao/PRO/me/yoloExample/datasets/softcare/raw/images/row00081_8086b115a420.webp,True,66.01,softcare,SOFT&SMOOTH,36
/Users/guobiao/PRO/me/yoloExample/datasets/softcare/raw/images/row00082_4d56dfe67a7f.webp,/Users/guobiao/PRO/me/yoloExample/datasets/softcare/raw/images/row00082_4d56dfe67a7f.webp,True,84.52,softcare,esoft,58
/Users/guobiao/PRO/me/yoloExample/datasets/softcare/raw/images/row00082_f7792d92a796.webp,,False,47.47,softcare,MARTHAS GOOD CHOICE,6
/Users/guobiao/PRO/me/yoloExample/datasets/softcare/raw/images/row00083_cdf80b1e3c53.webp,/Users/guobiao/PRO/me/yoloExample/datasets/softcare/raw/images/row00083_cdf80b1e3c53.webp,True,63.22,softcare,OTH,19
/Users/guobiao/PRO/me/yoloExample/datasets/softcare/raw/images/row00084_cff8248b75b1.webp,/Users/guobiao/PRO/me/yoloExample/datasets/softcare/raw/images/row00084_cff8248b75b1.webp,True,76.67,softcare,esoft,14
/Users/guobiao/PRO/me/yoloExample/datasets/softcare/raw/images/row00085_6c579ab94b0b.webp,/Users/guobiao/PRO/me/yoloExample/datasets/softcare/raw/images/row00085_6c579ab94b0b.webp,True,70.53,softcare,Xeesoft,27
/Users/guobiao/PRO/me/yoloExample/datasets/softcare/raw/images/row00086_199f845f4ebe.webp,,False,42.44,softcare,QUA-NYARKENT,10
/Users/guobiao/PRO/me/yoloExample/datasets/softcare/raw/images/row00086_ad43f6077b3f.webp,/Users/guobiao/PRO/me/yoloExample/datasets/softcare/raw/images/row00086_ad43f6077b3f.webp,True,72.21,softcare,Softcane,24
/Users/guobiao/PRO/me/yoloExample/datasets/softcare/raw/images/row00087_b2cf36ceb80e.webp,/Users/guobiao/PRO/me/yoloExample/datasets/softcare/raw/images/row00087_b2cf36ceb80e.webp,True,70.29,softcare,Saftcae,8
/Users/guobiao/PRO/me/yoloExample/datasets/softcare/raw/images/row00087_d6aadfe136de.webp,/Users/guobiao/PRO/me/yoloExample/datasets/softcare/raw/images/row00087_d6aadfe136de.webp,True,75.83,softcare,sof,11
/Users/guobiao/PRO/me/yoloExample/datasets/softcare/raw/images/row00088_b44df0e8ae25.webp,,False,59.19,softcare,s,48
/Users/guobiao/PRO/me/yoloExample/datasets/softcare/raw/images/row00088_bb722223d8ac.webp,/Users/guobiao/PRO/me/yoloExample/datasets/softcare/raw/images/row00088_bb722223d8ac.webp,True,75.29,softcare,Saftcare,48
/Users/guobiao/PRO/me/yoloExample/datasets/softcare/raw/images/row00088_dad7b28796c4.webp,,False,53.95,softcare,AREELOGISTICS,8
/Users/guobiao/PRO/me/yoloExample/datasets/softcare/raw/images/row00089_345b80b481e9.webp,/Users/guobiao/PRO/me/yoloExample/datasets/softcare/raw/images/row00089_345b80b481e9.webp,True,65.89,softcare,SOFT&SMOOTH,19
/Users/guobiao/PRO/me/yoloExample/datasets/softcare/raw/images/row00090_2d3952ac8132.webp,,False,35.14,softcare,B.Debby Mart,5
/Users/guobiao/PRO/me/yoloExample/datasets/softcare/raw/images/row00091_ae49ba769e40.webp,/Users/guobiao/PRO/me/yoloExample/datasets/softcare/raw/images/row00091_ae49ba769e40.webp,True,70.78,softcare,tcaie,16
/Users/guobiao/PRO/me/yoloExample/datasets/softcare/raw/images/row00091_b15f1f8d8b20.webp,,False,49.31,softcare,Madar,17
/Users/guobiao/PRO/me/yoloExample/datasets/softcare/raw/images/row00091_d8aa4f5d40bd.webp,/Users/guobiao/PRO/me/yoloExample/datasets/softcare/raw/images/row00091_d8aa4f5d40bd.webp,True,65.01,softcare,Kleesoft,36
/Users/guobiao/PRO/me/yoloExample/datasets/softcare/raw/images/row00092_7504413b4d05.webp,/Users/guobiao/PRO/me/yoloExample/datasets/softcare/raw/images/row00092_7504413b4d05.webp,True,80.43,softcare,e,19
/Users/guobiao/PRO/me/yoloExample/datasets/softcare/raw/images/row00093_0dca99512f42.webp,/Users/guobiao/PRO/me/yoloExample/datasets/softcare/raw/images/row00093_0dca99512f42.webp,True,64.64,softcare,TREE,10
/Users/guobiao/PRO/me/yoloExample/datasets/softcare/raw/images/row00094_2c1820e972a6.webp,/Users/guobiao/PRO/me/yoloExample/datasets/softcare/raw/images/row00094_2c1820e972a6.webp,True,85.99,softcare,SO,23
/Users/guobiao/PRO/me/yoloExample/datasets/softcare/raw/images/row00095_6efa79632c95.webp,/Users/guobiao/PRO/me/yoloExample/datasets/softcare/raw/images/row00095_6efa79632c95.webp,True,65.04,softcare,S/M,29
/Users/guobiao/PRO/me/yoloExample/datasets/softcare/raw/images/row00096_ca08b57b7765.webp,,False,41.12,softcare,saa,8
/Users/guobiao/PRO/me/yoloExample/datasets/softcare/raw/images/row00097_d3dd8d2a9b9c.webp,/Users/guobiao/PRO/me/yoloExample/datasets/softcare/raw/images/row00097_d3dd8d2a9b9c.webp,True,64.47,softcare,HAJIATULASI MOTHERCARE,13
/Users/guobiao/PRO/me/yoloExample/datasets/softcare/raw/images/row00098_122dc59eb019.webp,/Users/guobiao/PRO/me/yoloExample/datasets/softcare/raw/images/row00098_122dc59eb019.webp,True,72.53,softcare,tcaie,37
/Users/guobiao/PRO/me/yoloExample/datasets/softcare/raw/images/row00098_7dacff2403d9.webp,/Users/guobiao/PRO/me/yoloExample/datasets/softcare/raw/images/row00098_7dacff2403d9.webp,True,65.63,softcare,Kleesoft,13
/Users/guobiao/PRO/me/yoloExample/datasets/softcare/raw/images/row00099_7ae88d5e5d02.webp,/Users/guobiao/PRO/me/yoloExample/datasets/softcare/raw/images/row00099_7ae88d5e5d02.webp,True,68.1,softcare,"Seftcare""",34
/Users/guobiao/PRO/me/yoloExample/datasets/softcare/raw/images/row00100_101718ad5244.webp,,False,50.05,softcare,Pesof,28
/Users/guobiao/PRO/me/yoloExample/datasets/softcare/raw/images/row00101_ab7701af7b10.webp,/Users/guobiao/PRO/me/yoloExample/datasets/softcare/raw/images/row00101_ab7701af7b10.webp,True,87.49,softcare,Softcare,63
/Users/guobiao/PRO/me/yoloExample/datasets/softcare/raw/images/row00102_914cdb384b9b.webp,/Users/guobiao/PRO/me/yoloExample/datasets/softcare/raw/images/row00102_914cdb384b9b.webp,True,64.53,softcare,SOAP,56
/Users/guobiao/PRO/me/yoloExample/datasets/softcare/raw/images/row00103_6fd618396455.webp,,False,50.91,softcare,SHEU'S MOTHER,11
/Users/guobiao/PRO/me/yoloExample/datasets/softcare/raw/images/row00104_13311b9c4840.webp,,False,52.9,softcare,SISTERENOENTERPRISE,4
/Users/guobiao/PRO/me/yoloExample/datasets/softcare/raw/images/row00104_64710e51079c.webp,,False,51.14,softcare,SISTER ENO ENTERPRISE,6
/Users/guobiao/PRO/me/yoloExample/datasets/softcare/raw/images/row00105_b4ea3e310313.webp,/Users/guobiao/PRO/me/yoloExample/datasets/softcare/raw/images/row00105_b4ea3e310313.webp,True,80.22,softcare,S,29
/Users/guobiao/PRO/me/yoloExample/datasets/softcare/raw/images/row00106_5b7d22ffcfcb.webp,/Users/guobiao/PRO/me/yoloExample/datasets/softcare/raw/images/row00106_5b7d22ffcfcb.webp,True,70.37,softcare,eesoft,11
/Users/guobiao/PRO/me/yoloExample/datasets/softcare/raw/images/row00107_2c8f9fc47e32.webp,,False,42.16,softcare,Madar,9
/Users/guobiao/PRO/me/yoloExample/datasets/softcare/raw/images/row00108_1feae8fda9f6.webp,,False,53.54,softcare,SIS JOYCE,4
/Users/guobiao/PRO/me/yoloExample/datasets/softcare/raw/images/row00109_94ba67f2a7c5.webp,/Users/guobiao/PRO/me/yoloExample/datasets/softcare/raw/images/row00109_94ba67f2a7c5.webp,True,68.44,softcare,Keesoft,12
/Users/guobiao/PRO/me/yoloExample/datasets/softcare/raw/images/row00110_46b70c8867c8.webp,,False,35.84,softcare,MAGMITCH,5
/Users/guobiao/PRO/me/yoloExample/datasets/softcare/raw/images/row00111_03c7d1595724.webp,,False,48.09,softcare,DORISTINA EVENT,7
/Users/guobiao/PRO/me/yoloExample/datasets/softcare/raw/images/row00112_1c8d8d146807.webp,,False,44.52,softcare,top class,6
/Users/guobiao/PRO/me/yoloExample/datasets/softcare/raw/images/row00113_368c06f0cf68.webp,,False,49.37,softcare,NEW,10
/Users/guobiao/PRO/me/yoloExample/datasets/softcare/raw/images/row00114_76921306fe53.webp,,False,28.13,softcare,MAWUSI,5
/Users/guobiao/PRO/me/yoloExample/datasets/softcare/raw/images/row00115_ca963452b615.webp,,False,44.83,softcare,JF-LANINANK VENTURES,8
/Users/guobiao/PRO/me/yoloExample/datasets/softcare/raw/images/row00116_8dcd08d6a702.webp,,False,50.26,softcare,FREE,16
/Users/guobiao/PRO/me/yoloExample/datasets/softcare/raw/images/row00117_4850c8c93d9d.webp,/Users/guobiao/PRO/me/yoloExample/datasets/softcare/raw/images/row00117_4850c8c93d9d.webp,True,64.56,softcare,SOFT&SMOOTH,14
/Users/guobiao/PRO/me/yoloExample/datasets/softcare/raw/images/row00118_cd4e19360a9b.webp,/Users/guobiao/PRO/me/yoloExample/datasets/softcare/raw/images/row00118_cd4e19360a9b.webp,True,64.53,softcare,Kleesoft,23
/Users/guobiao/PRO/me/yoloExample/datasets/softcare/raw/images/row00119_65ae0da10970.webp,/Users/guobiao/PRO/me/yoloExample/datasets/softcare/raw/images/row00119_65ae0da10970.webp,True,74.19,softcare,Softcare,18
/Users/guobiao/PRO/me/yoloExample/datasets/softcare/raw/images/row00120_c3374072823e.webp,/Users/guobiao/PRO/me/yoloExample/datasets/softcare/raw/images/row00120_c3374072823e.webp,True,65.51,softcare,SA,10
/Users/guobiao/PRO/me/yoloExample/datasets/softcare/raw/images/row00121_372545325162.webp,,False,47.05,softcare,OLE,8
/Users/guobiao/PRO/me/yoloExample/datasets/softcare/raw/images/row00122_5570a855f9eb.webp,/Users/guobiao/PRO/me/yoloExample/datasets/softcare/raw/images/row00122_5570a855f9eb.webp,True,81.22,softcare,SOFTA,18
/Users/guobiao/PRO/me/yoloExample/datasets/softcare/raw/images/row00123_6aa789e2e711.webp,,False,36.18,softcare,HOTTISH GRILL,6
/Users/guobiao/PRO/me/yoloExample/datasets/softcare/raw/images/row00124_d59555f8b555.webp,,False,48.57,softcare,TERGENT,17
/Users/guobiao/PRO/me/yoloExample/datasets/softcare/raw/images/row00125_dd14d59734b1.webp,/Users/guobiao/PRO/me/yoloExample/datasets/softcare/raw/images/row00125_dd14d59734b1.webp,True,65.37,softcare,FREE,16
/Users/guobiao/PRO/me/yoloExample/datasets/softcare/raw/images/row00126_64cd218c7341.webp,/Users/guobiao/PRO/me/yoloExample/datasets/softcare/raw/images/row00126_64cd218c7341.webp,True,78.99,softcare,FRE,13
/Users/guobiao/PRO/me/yoloExample/datasets/softcare/raw/images/row00127_ec6f183be9eb.webp,/Users/guobiao/PRO/me/yoloExample/datasets/softcare/raw/images/row00127_ec6f183be9eb.webp,True,74.65,softcare,tre,18
/Users/guobiao/PRO/me/yoloExample/datasets/softcare/raw/images/row00128_c62530fd40d3.webp,,False,35.47,softcare,ENA,5
/Users/guobiao/PRO/me/yoloExample/datasets/softcare/raw/images/row00129_317a0c976a0e.webp,/Users/guobiao/PRO/me/yoloExample/datasets/softcare/raw/images/row00129_317a0c976a0e.webp,True,67.48,softcare,leesoft,9
/Users/guobiao/PRO/me/yoloExample/datasets/softcare/raw/images/row00130_6bd58b423f5f.webp,/Users/guobiao/PRO/me/yoloExample/datasets/softcare/raw/images/row00130_6bd58b423f5f.webp,True,68.49,softcare,cavre,11
/Users/guobiao/PRO/me/yoloExample/datasets/softcare/raw/images/row00131_b58aeae51d56.webp,/Users/guobiao/PRO/me/yoloExample/datasets/softcare/raw/images/row00131_b58aeae51d56.webp,True,64.87,softcare,Kleesoft,8
/Users/guobiao/PRO/me/yoloExample/datasets/softcare/raw/images/row00132_0ef47bce6e2d.webp,,False,38.48,softcare,ANOINTED SHOP,6
/Users/guobiao/PRO/me/yoloExample/datasets/softcare/raw/images/row00133_182215ca4382.webp,,False,35.98,softcare,AGYEIWAA,6
/Users/guobiao/PRO/me/yoloExample/datasets/softcare/raw/images/row00133_6b867ed65f72.webp,/Users/guobiao/PRO/me/yoloExample/datasets/softcare/raw/images/row00133_6b867ed65f72.webp,True,85.27,softcare,Softcare,33
/Users/guobiao/PRO/me/yoloExample/datasets/softcare/raw/images/row00133_d4dc338ff7c4.webp,/Users/guobiao/PRO/me/yoloExample/datasets/softcare/raw/images/row00133_d4dc338ff7c4.webp,True,75.7,softcare,Saftcare,10
/Users/guobiao/PRO/me/yoloExample/datasets/softcare/raw/images/row00134_cb82258359cf.webp,/Users/guobiao/PRO/me/yoloExample/datasets/softcare/raw/images/row00134_cb82258359cf.webp,True,65.96,softcare,CE,9
/Users/guobiao/PRO/me/yoloExample/datasets/softcare/raw/images/row00135_fdfa7e52a0c3.webp,/Users/guobiao/PRO/me/yoloExample/datasets/softcare/raw/images/row00135_fdfa7e52a0c3.webp,True,62.34,softcare,Saftcave,9
/Users/guobiao/PRO/me/yoloExample/datasets/softcare/raw/images/row00136_207d01a1ad61.webp,,False,59.1,softcare,NISS MOTHER ESSENTIAL,4
/Users/guobiao/PRO/me/yoloExample/datasets/softcare/raw/images/row00137_d88d1becfeeb.webp,,False,35.79,softcare,GODISGREAT SURO NIPA,5
/Users/guobiao/PRO/me/yoloExample/datasets/softcare/raw/images/row00138_98fdb5417708.webp,/Users/guobiao/PRO/me/yoloExample/datasets/softcare/raw/images/row00138_98fdb5417708.webp,True,86.02,softcare,ftcare,41
/Users/guobiao/PRO/me/yoloExample/datasets/softcare/raw/images/row00139_4b6d773a56ac.webp,/Users/guobiao/PRO/me/yoloExample/datasets/softcare/raw/images/row00139_4b6d773a56ac.webp,True,75.5,softcare,tcare,23
/Users/guobiao/PRO/me/yoloExample/datasets/softcare/raw/images/row00139_606dfe604e35.webp,/Users/guobiao/PRO/me/yoloExample/datasets/softcare/raw/images/row00139_606dfe604e35.webp,True,61.42,softcare,tcane,7
/Users/guobiao/PRO/me/yoloExample/datasets/softcare/raw/images/row00139_726d91c8b70c.webp,,False,43.62,softcare,little by little supermarket,9
/Users/guobiao/PRO/me/yoloExample/datasets/softcare/raw/images/row00139_9094106f322f.webp,/Users/guobiao/PRO/me/yoloExample/datasets/softcare/raw/images/row00139_9094106f322f.webp,True,71.83,softcare,ARIEI,9
/Users/guobiao/PRO/me/yoloExample/datasets/softcare/raw/images/row00139_ba8caeea7db3.webp,,False,54.73,softcare,Softearu,10
/Users/guobiao/PRO/me/yoloExample/datasets/softcare/raw/images/row00140_231610274228.webp,/Users/guobiao/PRO/me/yoloExample/datasets/softcare/raw/images/row00140_231610274228.webp,True,62.01,softcare,medisoft,15
/Users/guobiao/PRO/me/yoloExample/datasets/softcare/raw/images/row00141_6d9823dae196.webp,/Users/guobiao/PRO/me/yoloExample/datasets/softcare/raw/images/row00141_6d9823dae196.webp,True,63.34,softcare,tcare,12
/Users/guobiao/PRO/me/yoloExample/datasets/softcare/raw/images/row00142_aa9d8ce2fd40.webp,,False,52.22,softcare,AVr,8
/Users/guobiao/PRO/me/yoloExample/datasets/softcare/raw/images/row00143_5ca6083c0464.webp,/Users/guobiao/PRO/me/yoloExample/datasets/softcare/raw/images/row00143_5ca6083c0464.webp,True,71.87,softcare,E,37
/Users/guobiao/PRO/me/yoloExample/datasets/softcare/raw/images/row00144_c436ea81e529.webp,,False,53.41,softcare,Carhena,45
/Users/guobiao/PRO/me/yoloExample/datasets/softcare/raw/images/row00145_53ceef213521.webp,,False,34.45,softcare,ALLIN ONE,4
/Users/guobiao/PRO/me/yoloExample/datasets/softcare/raw/images/row00146_c2f801267527.webp,,False,49.5,softcare,VEN,16
/Users/guobiao/PRO/me/yoloExample/datasets/softcare/raw/images/row00147_4782303b2762.webp,/Users/guobiao/PRO/me/yoloExample/datasets/softcare/raw/images/row00147_4782303b2762.webp,True,63.25,softcare,leesoft,8
/Users/guobiao/PRO/me/yoloExample/datasets/softcare/raw/images/row00147_5c79f4c367ac.webp,/Users/guobiao/PRO/me/yoloExample/datasets/softcare/raw/images/row00147_5c79f4c367ac.webp,True,79.16,softcare,esoft,15
/Users/guobiao/PRO/me/yoloExample/datasets/softcare/raw/images/row00148_fbdfb55da5cf.webp,/Users/guobiao/PRO/me/yoloExample/datasets/softcare/raw/images/row00148_fbdfb55da5cf.webp,True,81.36,softcare,Softco,24
/Users/guobiao/PRO/me/yoloExample/datasets/softcare/raw/images/row00149_250decdf4d7b.webp,,False,45.65,softcare,CECILIAVENTURES,7
/Users/guobiao/PRO/me/yoloExample/datasets/softcare/raw/images/row00150_df8922941bc5.webp,,False,54.88,softcare,O,10
/Users/guobiao/PRO/me/yoloExample/datasets/softcare/raw/images/row00151_704850e9e24a.webp,,False,54.25,softcare,omfort,12
/Users/guobiao/PRO/me/yoloExample/datasets/softcare/raw/images/row00152_280979b9866d.webp,,False,39.42,softcare,avita,8
/Users/guobiao/PRO/me/yoloExample/datasets/softcare/raw/images/row00153_20eee95659dd.webp,/Users/guobiao/PRO/me/yoloExample/datasets/softcare/raw/images/row00153_20eee95659dd.webp,True,63.88,softcare,medisoft,21
/Users/guobiao/PRO/me/yoloExample/datasets/softcare/raw/images/row00154_2580b61a07f3.webp,/Users/guobiao/PRO/me/yoloExample/datasets/softcare/raw/images/row00154_2580b61a07f3.webp,True,85.78,softcare,Softcare,21
/Users/guobiao/PRO/me/yoloExample/datasets/softcare/raw/images/row00154_5609160bbefc.webp,,False,49.68,softcare,Charlotteprovision,6
/Users/guobiao/PRO/me/yoloExample/datasets/softcare/raw/images/row00155_fb7125e10373.webp,,False,41.22,softcare,COMFORT SHOP,8
/Users/guobiao/PRO/me/yoloExample/datasets/softcare/raw/images/row00156_9517d8d924c4.webp,/Users/guobiao/PRO/me/yoloExample/datasets/softcare/raw/images/row00156_9517d8d924c4.webp,True,97.27,softcare,R,17
/Users/guobiao/PRO/me/yoloExample/datasets/softcare/raw/images/row00157_713ae05bfd9b.webp,/Users/guobiao/PRO/me/yoloExample/datasets/softcare/raw/images/row00157_713ae05bfd9b.webp,True,67.73,softcare,SOFT&G,11
/Users/guobiao/PRO/me/yoloExample/datasets/softcare/raw/images/row00158_68be1130ae71.webp,/Users/guobiao/PRO/me/yoloExample/datasets/softcare/raw/images/row00158_68be1130ae71.webp,True,68.02,softcare,trare,20
/Users/guobiao/PRO/me/yoloExample/datasets/softcare/raw/images/row00159_e15514b442ca.webp,,False,35.91,softcare,MAVIS ENT,9
/Users/guobiao/PRO/me/yoloExample/datasets/softcare/raw/images/row00160_71b18ef6b03f.webp,,False,32.85,softcare,MAWULOLOENT,5
/Users/guobiao/PRO/me/yoloExample/datasets/softcare/raw/images/row00161_a69627f22e2c.webp,,False,38.03,softcare,MAMA GIFT,6
/Users/guobiao/PRO/me/yoloExample/datasets/softcare/raw/images/row00162_600c76c1ad85.webp,,False,41.81,softcare,SOPHIA'SSHOP,5
/Users/guobiao/PRO/me/yoloExample/datasets/softcare/raw/images/row00163_86dfb3b34bcc.webp,,False,59.26,softcare,SOFT&SMOOH,9
/Users/guobiao/PRO/me/yoloExample/datasets/softcare/raw/images/row00164_b0f1f8f27ad3.webp,/Users/guobiao/PRO/me/yoloExample/datasets/softcare/raw/images/row00164_b0f1f8f27ad3.webp,True,98.91,softcare,a,13
/Users/guobiao/PRO/me/yoloExample/datasets/softcare/raw/images/row00165_e3c075ec0ac0.webp,,False,38.51,softcare,HAPPY YOURSELF,6
/Users/guobiao/PRO/me/yoloExample/datasets/softcare/raw/images/row00166_63a2259fb141.webp,/Users/guobiao/PRO/me/yoloExample/datasets/softcare/raw/images/row00166_63a2259fb141.webp,True,65.72,softcare,Kleesoft,21
/Users/guobiao/PRO/me/yoloExample/datasets/softcare/raw/images/row00167_fc1202a40d22.webp,,False,39.72,softcare,SAVONMEDICAL,8
/Users/guobiao/PRO/me/yoloExample/datasets/softcare/raw/images/row00168_0f08f644de32.webp,/Users/guobiao/PRO/me/yoloExample/datasets/softcare/raw/images/row00168_0f08f644de32.webp,True,65.61,softcare,Kleesoft,26
/Users/guobiao/PRO/me/yoloExample/datasets/softcare/raw/images/row00169_1664a02bdb16.webp,/Users/guobiao/PRO/me/yoloExample/datasets/softcare/raw/images/row00169_1664a02bdb16.webp,True,85.32,softcare,RE,5
/Users/guobiao/PRO/me/yoloExample/datasets/softcare/raw/images/row00170_e4604cc768fa.webp,/Users/guobiao/PRO/me/yoloExample/datasets/softcare/raw/images/row00170_e4604cc768fa.webp,True,76.06,softcare,"Softcave""",29
/Users/guobiao/PRO/me/yoloExample/datasets/softcare/raw/images/row00171_aa88513b70fd.webp,,False,49.72,softcare,Madar,12
/Users/guobiao/PRO/me/yoloExample/datasets/softcare/raw/images/row00172_799c82aa254d.webp,,False,59.33,softcare,parkies,18
/Users/guobiao/PRO/me/yoloExample/datasets/softcare/raw/images/row00173_6d69e6e32d71.webp,,False,50.37,softcare,Comfrey,8
/Users/guobiao/PRO/me/yoloExample/datasets/softcare/raw/images/row00173_94a9709fa21a.webp,,False,42.1,softcare,SECOND CHANCE,6
/Users/guobiao/PRO/me/yoloExample/datasets/softcare/raw/images/row00173_f474a4a7f9a3.webp,/Users/guobiao/PRO/me/yoloExample/datasets/softcare/raw/images/row00173_f474a4a7f9a3.webp,True,98.1,softcare,soft,20
/Users/guobiao/PRO/me/yoloExample/datasets/softcare/raw/images/row00174_04219d1fefcb.webp,/Users/guobiao/PRO/me/yoloExample/datasets/softcare/raw/images/row00174_04219d1fefcb.webp,True,63.39,softcare,Kleesoft,8
/Users/guobiao/PRO/me/yoloExample/datasets/softcare/raw/images/row00175_7e7e5a037937.webp,/Users/guobiao/PRO/me/yoloExample/datasets/softcare/raw/images/row00175_7e7e5a037937.webp,True,68.76,softcare,Saftcare,9
/Users/guobiao/PRO/me/yoloExample/datasets/softcare/raw/images/row00175_a2d394d866b8.webp,/Users/guobiao/PRO/me/yoloExample/datasets/softcare/raw/images/row00175_a2d394d866b8.webp,True,67.55,softcare,e,23
/Users/guobiao/PRO/me/yoloExample/datasets/softcare/raw/images/row00176_6028aa46367a.webp,,False,44.05,softcare,Santex,13
/Users/guobiao/PRO/me/yoloExample/datasets/softcare/raw/images/row00176_6baa3851c892.webp,/Users/guobiao/PRO/me/yoloExample/datasets/softcare/raw/images/row00176_6baa3851c892.webp,True,64.65,softcare,Kleesoft,14
/Users/guobiao/PRO/me/yoloExample/datasets/softcare/raw/images/row00177_39f172296d59.webp,,False,47.69,softcare,KEY,31
/Users/guobiao/PRO/me/yoloExample/datasets/softcare/raw/images/row00177_d88a03136976.webp,/Users/guobiao/PRO/me/yoloExample/datasets/softcare/raw/images/row00177_d88a03136976.webp,True,89.65,softcare,S,17
/Users/guobiao/PRO/me/yoloExample/datasets/softcare/raw/images/row00178_2db733d8bd50.webp,/Users/guobiao/PRO/me/yoloExample/datasets/softcare/raw/images/row00178_2db733d8bd50.webp,True,60.79,softcare,Kleesoft,7
/Users/guobiao/PRO/me/yoloExample/datasets/softcare/raw/images/row00179_029b17fe6f98.webp,/Users/guobiao/PRO/me/yoloExample/datasets/softcare/raw/images/row00179_029b17fe6f98.webp,True,79.66,softcare,tcare,19
/Users/guobiao/PRO/me/yoloExample/datasets/softcare/raw/images/row00179_15ab83c8f6e9.webp,/Users/guobiao/PRO/me/yoloExample/datasets/softcare/raw/images/row00179_15ab83c8f6e9.webp,True,74.43,softcare,Softcave,24
/Users/guobiao/PRO/me/yoloExample/datasets/softcare/raw/images/row00179_b9c6f7d77ea0.webp,/Users/guobiao/PRO/me/yoloExample/datasets/softcare/raw/images/row00179_b9c6f7d77ea0.webp,True,65.89,softcare,SOFT&SMOOTH,16
/Users/guobiao/PRO/me/yoloExample/datasets/softcare/raw/images/row00179_c55a10cf1e31.webp,/Users/guobiao/PRO/me/yoloExample/datasets/softcare/raw/images/row00179_c55a10cf1e31.webp,True,78.8,softcare,eesoft,40
/Users/guobiao/PRO/me/yoloExample/datasets/softcare/raw/images/row00180_0cf39e205ec8.webp,/Users/guobiao/PRO/me/yoloExample/datasets/softcare/raw/images/row00180_0cf39e205ec8.webp,True,74.73,softcare,Softcare,10
/Users/guobiao/PRO/me/yoloExample/datasets/softcare/raw/images/row00181_391a076538c0.webp,/Users/guobiao/PRO/me/yoloExample/datasets/softcare/raw/images/row00181_391a076538c0.webp,True,69.69,softcare,Softcave,6
/Users/guobiao/PRO/me/yoloExample/datasets/softcare/raw/images/row00182_eaf3aa854fa8.webp,,False,49.91,softcare,CATEDSO,7
/Users/guobiao/PRO/me/yoloExample/datasets/softcare/raw/images/row00183_2db722efb68d.webp,/Users/guobiao/PRO/me/yoloExample/datasets/softcare/raw/images/row00183_2db722efb68d.webp,True,60.86,softcare,AMILAMSTORE,13
/Users/guobiao/PRO/me/yoloExample/datasets/softcare/raw/images/row00184_72c8ded1511b.webp,,False,50.36,softcare,Saft,5
/Users/guobiao/PRO/me/yoloExample/datasets/softcare/raw/images/row00185_d3cf0056f310.webp,/Users/guobiao/PRO/me/yoloExample/datasets/softcare/raw/images/row00185_d3cf0056f310.webp,True,60.67,softcare,ST.PREVAILVENTURES,13
/Users/guobiao/PRO/me/yoloExample/datasets/softcare/raw/images/row00186_f6deacc77e84.webp,/Users/guobiao/PRO/me/yoloExample/datasets/softcare/raw/images/row00186_f6deacc77e84.webp,True,96.95,softcare,SOFTCAREFMMANUFACTURINGLIMITEDCOMPANY,39
/Users/guobiao/PRO/me/yoloExample/datasets/softcare/raw/images/row00187_bed45c0b74c6.webp,,False,45.2,softcare,YAYRAHVENTURES,4
/Users/guobiao/PRO/me/yoloExample/datasets/softcare/raw/images/row00188_7478fa0caadf.webp,/Users/guobiao/PRO/me/yoloExample/datasets/softcare/raw/images/row00188_7478fa0caadf.webp,True,76.29,softcare,Saftcare,30
/Users/guobiao/PRO/me/yoloExample/datasets/softcare/raw/images/row00188_cc2095471273.webp,/Users/guobiao/PRO/me/yoloExample/datasets/softcare/raw/images/row00188_cc2095471273.webp,True,82.82,softcare,esoft,17
/Users/guobiao/PRO/me/yoloExample/datasets/softcare/raw/images/row00189_2fbdb5cbffac.webp,/Users/guobiao/PRO/me/yoloExample/datasets/softcare/raw/images/row00189_2fbdb5cbffac.webp,True,82.87,softcare,A,8
/Users/guobiao/PRO/me/yoloExample/datasets/softcare/raw/images/row00190_07a82b1cd878.webp,,False,53.94,softcare,GARI,7
/Users/guobiao/PRO/me/yoloExample/datasets/softcare/raw/images/row00191_e24dd879d95b.webp,,False,54.42,softcare,Avri,12
/Users/guobiao/PRO/me/yoloExample/datasets/softcare/raw/images/row00192_1716916c5b9b.webp,,False,37.13,softcare,YEHOWANEMEHWEFO,6
/Users/guobiao/PRO/me/yoloExample/datasets/softcare/raw/images/row00193_b848620fe2b7.webp,/Users/guobiao/PRO/me/yoloExample/datasets/softcare/raw/images/row00193_b848620fe2b7.webp,True,62.21,softcare,MORECAREMORELOVE,12
/Users/guobiao/PRO/me/yoloExample/datasets/softcare/raw/images/row00194_94c2cb74cd72.webp,/Users/guobiao/PRO/me/yoloExample/datasets/softcare/raw/images/row00194_94c2cb74cd72.webp,True,73.04,softcare,eesoft,12
/Users/guobiao/PRO/me/yoloExample/datasets/softcare/raw/images/row00195_489ccdba43f7.webp,,False,57.79,softcare,asop,9
/Users/guobiao/PRO/me/yoloExample/datasets/softcare/raw/images/row00196_ca2fdbc21af3.webp,/Users/guobiao/PRO/me/yoloExample/datasets/softcare/raw/images/row00196_ca2fdbc21af3.webp,True,65.93,softcare,coft,15
/Users/guobiao/PRO/me/yoloExample/datasets/softcare/raw/images/row00197_ee25677447a2.webp,/Users/guobiao/PRO/me/yoloExample/datasets/softcare/raw/images/row00197_ee25677447a2.webp,True,66.03,softcare,Ceres,22
/Users/guobiao/PRO/me/yoloExample/datasets/softcare/raw/images/row00198_add9cfd19e93.webp,,False,43.43,softcare,LIN VENTURES,5
/Users/guobiao/PRO/me/yoloExample/datasets/softcare/raw/images/row00199_49225a1ebe58.webp,,False,43.8,softcare,BEST BEFOREDATE:APR.2035,18
/Users/guobiao/PRO/me/yoloExample/datasets/softcare/raw/images/row00200_440755eed232.webp,,False,39.68,softcare,PKENTERPRISE,4
/Users/guobiao/PRO/me/yoloExample/datasets/softcare/raw/images/row00201_92e27eb15324.webp,/Users/guobiao/PRO/me/yoloExample/datasets/softcare/raw/images/row00201_92e27eb15324.webp,True,98.69,softcare,SOFTCARE,36
/Users/guobiao/PRO/me/yoloExample/datasets/softcare/raw/images/row00202_7ee9232a66ff.webp,,False,39.74,softcare,FAUSTINAPOLKUUENTERPRISE,4
/Users/guobiao/PRO/me/yoloExample/datasets/softcare/raw/images/row00203_09d6f4de8dac.webp,,False,45.66,softcare,DRYBONESSHALLRISEVENTURES,5
/Users/guobiao/PRO/me/yoloExample/datasets/softcare/raw/images/row00204_b7a696dac5b9.webp,/Users/guobiao/PRO/me/yoloExample/datasets/softcare/raw/images/row00204_b7a696dac5b9.webp,True,80.42,softcare,"Softcare""",25
/Users/guobiao/PRO/me/yoloExample/datasets/softcare/raw/images/row00205_e3f81cbf614e.webp,/Users/guobiao/PRO/me/yoloExample/datasets/softcare/raw/images/row00205_e3f81cbf614e.webp,True,78.03,softcare,S,15
/Users/guobiao/PRO/me/yoloExample/datasets/softcare/raw/images/row00206_5fd562d95144.webp,,False,27.51,softcare,HABUK RASH,6
/Users/guobiao/PRO/me/yoloExample/datasets/softcare/raw/images/row00207_af28fcc9f7bf.webp,/Users/guobiao/PRO/me/yoloExample/datasets/softcare/raw/images/row00207_af28fcc9f7bf.webp,True,92.85,softcare,soft,38
/Users/guobiao/PRO/me/yoloExample/datasets/softcare/raw/images/row00208_0d481723b758.webp,,False,51.09,softcare,3SSOW,11
/Users/guobiao/PRO/me/yoloExample/datasets/softcare/raw/images/row00208_ffe29408f600.webp,,False,55.62,softcare,SHITO,12
/Users/guobiao/PRO/me/yoloExample/datasets/softcare/raw/images/row00209_af405c2e11c0.webp,/Users/guobiao/PRO/me/yoloExample/datasets/softcare/raw/images/row00209_af405c2e11c0.webp,True,90.36,softcare,THCARE,7
/Users/guobiao/PRO/me/yoloExample/datasets/softcare/raw/images/row00210_fb126bff94c0.webp,,False,29.56,softcare,INSHA ALLAHAHU,5
/Users/guobiao/PRO/me/yoloExample/datasets/softcare/raw/images/row00211_07e4e67ca3c3.webp,,False,37.12,softcare,lanee,9
/Users/guobiao/PRO/me/yoloExample/datasets/softcare/raw/images/row00212_a8617485414b.webp,,False,39.76,softcare,ACHIAAENT,4
/Users/guobiao/PRO/me/yoloExample/datasets/softcare/raw/images/row00212_c2d07d03c457.webp,,False,58.76,softcare,Xleesoft,16
/Users/guobiao/PRO/me/yoloExample/datasets/softcare/raw/images/row00213_60b6468e8e64.webp,/Users/guobiao/PRO/me/yoloExample/datasets/softcare/raw/images/row00213_60b6468e8e64.webp,True,89.16,softcare,Softcare',13
/Users/guobiao/PRO/me/yoloExample/datasets/softcare/raw/images/row00213_adad78806623.webp,,False,38.9,softcare,ARMONIA,7
/Users/guobiao/PRO/me/yoloExample/datasets/softcare/raw/images/row00214_b53bafcace10.webp,,False,38.26,softcare,MIPES PLUS ENTERPRISE,5
/Users/guobiao/PRO/me/yoloExample/datasets/softcare/raw/images/row00215_6584b8054f1e.webp,,False,56.58,softcare,EHERE,31
/Users/guobiao/PRO/me/yoloExample/datasets/softcare/raw/images/row00216_3ed74d4fd23d.webp,,False,59.3,softcare,DOF,11
/Users/guobiao/PRO/me/yoloExample/datasets/softcare/raw/images/row00217_e6f5c7e2cfca.webp,/Users/guobiao/PRO/me/yoloExample/datasets/softcare/raw/images/row00217_e6f5c7e2cfca.webp,True,65.96,softcare,leesoft,9
/Users/guobiao/PRO/me/yoloExample/datasets/softcare/raw/images/row00218_79368c0fdf18.webp,,False,45.14,softcare,Sefteae,7
/Users/guobiao/PRO/me/yoloExample/datasets/softcare/raw/images/row00218_d2903d28f376.webp,,False,32.1,softcare,Hash,7
/Users/guobiao/PRO/me/yoloExample/datasets/softcare/raw/images/row00219_03a68c93be72.webp,/Users/guobiao/PRO/me/yoloExample/datasets/softcare/raw/images/row00219_03a68c93be72.webp,True,74.91,softcare,eesoft,10
/Users/guobiao/PRO/me/yoloExample/datasets/softcare/raw/images/row00220_f226d03e3973.webp,,False,56.07,softcare,GARI,12
/Users/guobiao/PRO/me/yoloExample/datasets/softcare/raw/images/row00221_9c8455715539.webp,,False,48.41,softcare,CRYSTALVENTURES,7
/Users/guobiao/PRO/me/yoloExample/datasets/softcare/raw/images/row00222_154d174c9b79.webp,,False,47.09,softcare,R/C,9
/Users/guobiao/PRO/me/yoloExample/datasets/softcare/raw/images/row00223_00397dbdec93.webp,,False,58.64,softcare,oltcave,20
/Users/guobiao/PRO/me/yoloExample/datasets/softcare/raw/images/row00224_00312dae4624.webp,/Users/guobiao/PRO/me/yoloExample/datasets/softcare/raw/images/row00224_00312dae4624.webp,True,64.4,softcare,Kleesoft,7
/Users/guobiao/PRO/me/yoloExample/datasets/softcare/raw/images/row00224_b760b87de097.webp,,False,33.03,softcare,SUSANA,4
/Users/guobiao/PRO/me/yoloExample/datasets/softcare/raw/images/row00225_cd926a76c6dd.webp,,False,49.78,softcare,ENA,6
/Users/guobiao/PRO/me/yoloExample/datasets/softcare/raw/images/row00226_0f33ce2c49bb.webp,,False,39.25,softcare,Fidaus Enterprise,4
/Users/guobiao/PRO/me/yoloExample/datasets/softcare/raw/images/row00226_a0efdc39cedb.webp,/Users/guobiao/PRO/me/yoloExample/datasets/softcare/raw/images/row00226_a0efdc39cedb.webp,True,77.14,softcare,SMO,14
/Users/guobiao/PRO/me/yoloExample/datasets/softcare/raw/images/row00227_215866717674.webp,,False,47.97,softcare,Madar,14
/Users/guobiao/PRO/me/yoloExample/datasets/softcare/raw/images/row00227_26927c3bf5de.webp,/Users/guobiao/PRO/me/yoloExample/datasets/softcare/raw/images/row00227_26927c3bf5de.webp,True,76.5,softcare,e,50
/Users/guobiao/PRO/me/yoloExample/datasets/softcare/raw/images/row00228_1c45fd6b2660.webp,,False,43.71,softcare,NESCAP,5
/Users/guobiao/PRO/me/yoloExample/datasets/softcare/raw/images/row00229_9c055e13e3fb.webp,/Users/guobiao/PRO/me/yoloExample/datasets/softcare/raw/images/row00229_9c055e13e3fb.webp,True,74.73,softcare,eesoft,9
/Users/guobiao/PRO/me/yoloExample/datasets/softcare/raw/images/row00229_d14a181987b5.webp,/Users/guobiao/PRO/me/yoloExample/datasets/softcare/raw/images/row00229_d14a181987b5.webp,True,60.95,softcare,Free tostre,20
/Users/guobiao/PRO/me/yoloExample/datasets/softcare/raw/images/row00229_df24461c3ad2.webp,,False,49.12,softcare,ACESHEFFMART,4
/Users/guobiao/PRO/me/yoloExample/datasets/softcare/raw/images/row00230_231d2139b2de.webp,,False,56.66,softcare,SIMON,10
/Users/guobiao/PRO/me/yoloExample/datasets/softcare/raw/images/row00231_a9a9275d742d.webp,,False,43.6,softcare,3-Layer,5
/Users/guobiao/PRO/me/yoloExample/datasets/softcare/raw/images/row00232_bbcb5f1b8c67.webp,,False,39.68,softcare,DIMBAENTERPRISE,4
/Users/guobiao/PRO/me/yoloExample/datasets/softcare/raw/images/row00233_721dbdd0f518.webp,,False,39.14,softcare,IHSAANENT,5
/Users/guobiao/PRO/me/yoloExample/datasets/softcare/raw/images/row00234_4d5bac052c64.webp,,False,49.2,softcare,MEDICATEDSOAP,36
/Users/guobiao/PRO/me/yoloExample/datasets/softcare/raw/images/row00235_266816210832.webp,,False,52.17,softcare,a,7
/Users/guobiao/PRO/me/yoloExample/datasets/softcare/raw/images/row00236_3fc63fc0534d.webp,,False,35.95,softcare,NHYIRAMAAME,5
/Users/guobiao/PRO/me/yoloExample/datasets/softcare/raw/images/row00237_6a9a22758152.webp,/Users/guobiao/PRO/me/yoloExample/datasets/softcare/raw/images/row00237_6a9a22758152.webp,True,60.03,softcare,Twimiwaa Store,18
/Users/guobiao/PRO/me/yoloExample/datasets/softcare/raw/images/row00238_457b2a59010c.webp,/Users/guobiao/PRO/me/yoloExample/datasets/softcare/raw/images/row00238_457b2a59010c.webp,True,61.0,softcare,EVELYNSTORE,26
/Users/guobiao/PRO/me/yoloExample/datasets/softcare/raw/images/row00239_4e6f4f84f6df.webp,,False,49.71,softcare,ENSONYAMEYE,7
/Users/guobiao/PRO/me/yoloExample/datasets/softcare/raw/images/row00240_5b27a57817c3.webp,/Users/guobiao/PRO/me/yoloExample/datasets/softcare/raw/images/row00240_5b27a57817c3.webp,True,66.08,softcare,SOFT&SMOOTH,22
/Users/guobiao/PRO/me/yoloExample/datasets/softcare/raw/images/row00241_022239a3b3a1.webp,,False,32.99,softcare,NEVERFAILSSHOP,5
/Users/guobiao/PRO/me/yoloExample/datasets/softcare/raw/images/row00242_7a4a3250954d.webp,/Users/guobiao/PRO/me/yoloExample/datasets/softcare/raw/images/row00242_7a4a3250954d.webp,True,66.03,softcare,SOFT&SMOOTH,7
/Users/guobiao/PRO/me/yoloExample/datasets/softcare/raw/images/row00243_fd19fcd436d4.webp,,False,28.16,softcare,EYEYESUADOM,4
/Users/guobiao/PRO/me/yoloExample/datasets/softcare/raw/images/row00244_2260185c05bd.webp,/Users/guobiao/PRO/me/yoloExample/datasets/softcare/raw/images/row00244_2260185c05bd.webp,True,74.4,softcare,tcare,16
/Users/guobiao/PRO/me/yoloExample/datasets/softcare/raw/images/row00245_e8ddb5ad2307.webp,,False,41.07,softcare,Veasnft,13
/Users/guobiao/PRO/me/yoloExample/datasets/softcare/raw/images/row00246_07efb3c896d1.webp,,False,42.47,softcare,ADWOAENTERPRISE,4
/Users/guobiao/PRO/me/yoloExample/datasets/softcare/raw/images/row00246_64b09a1cc469.webp,,False,45.78,softcare,SPAUTYSOA,11
/Users/guobiao/PRO/me/yoloExample/datasets/softcare/raw/images/row00247_0ef943e43cf6.webp,/Users/guobiao/PRO/me/yoloExample/datasets/softcare/raw/images/row00247_0ef943e43cf6.webp,True,85.83,softcare,SOF,14
/Users/guobiao/PRO/me/yoloExample/datasets/softcare/raw/images/row00248_32bb750c0236.webp,/Users/guobiao/PRO/me/yoloExample/datasets/softcare/raw/images/row00248_32bb750c0236.webp,True,63.83,softcare,SAMVON MOTHER CARE,8
/Users/guobiao/PRO/me/yoloExample/datasets/softcare/raw/images/row00249_ca540b5697bc.webp,/Users/guobiao/PRO/me/yoloExample/datasets/softcare/raw/images/row00249_ca540b5697bc.webp,True,65.16,softcare,Kleesoft,13
/Users/guobiao/PRO/me/yoloExample/datasets/softcare/raw/images/row00250_64aec6d1a998.webp,,False,44.03,softcare,DIANA VENTURES,9
/Users/guobiao/PRO/me/yoloExample/datasets/softcare/raw/images/row00251_630642d5a3c2.webp,/Users/guobiao/PRO/me/yoloExample/datasets/softcare/raw/images/row00251_630642d5a3c2.webp,True,65.02,softcare,Kleesoft,24
/Users/guobiao/PRO/me/yoloExample/datasets/softcare/raw/images/row00252_a31f2736309c.webp,,False,42.29,softcare,MEGYIFOTEASI,4
/Users/guobiao/PRO/me/yoloExample/datasets/softcare/raw/images/row00253_dad536b56026.webp,,False,49.6,softcare,SUGAR,9
/Users/guobiao/PRO/me/yoloExample/datasets/softcare/raw/images/row00254_76c004028e07.webp,/Users/guobiao/PRO/me/yoloExample/datasets/softcare/raw/images/row00254_76c004028e07.webp,True,65.2,softcare,Tan,16
/Users/guobiao/PRO/me/yoloExample/datasets/softcare/raw/images/row00255_1d4e7825d4ba.webp,/Users/guobiao/PRO/me/yoloExample/datasets/softcare/raw/images/row00255_1d4e7825d4ba.webp,True,66.0,softcare,Kleesoft,26
/Users/guobiao/PRO/me/yoloExample/datasets/softcare/raw/images/row00256_2c5264f9cd65.webp,,False,30.26,softcare,NYAMENEHENE,5
/Users/guobiao/PRO/me/yoloExample/datasets/softcare/raw/images/row00257_96f118e8c3d0.webp,,False,53.85,softcare,Seftave,28
/Users/guobiao/PRO/me/yoloExample/datasets/softcare/raw/images/row00258_6a5a15912c57.webp,/Users/guobiao/PRO/me/yoloExample/datasets/softcare/raw/images/row00258_6a5a15912c57.webp,True,68.85,softcare,Softcare,21
/Users/guobiao/PRO/me/yoloExample/datasets/softcare/raw/images/row00259_f4d1ef3adb93.webp,,False,48.69,softcare,COMFY,26
/Users/guobiao/PRO/me/yoloExample/datasets/softcare/raw/images/row00260_8808de167e19.webp,,False,57.68,softcare,STRONG SOAP FORE,12
/Users/guobiao/PRO/me/yoloExample/datasets/softcare/raw/images/row00261_141f3d06134f.webp,,False,37.96,softcare,GOD'STIMEJSTHEBEST,4
/Users/guobiao/PRO/me/yoloExample/datasets/softcare/raw/images/row00262_0a90607cdad4.webp,,False,49.18,softcare,GLORIOUSVENTURES,6
/Users/guobiao/PRO/me/yoloExample/datasets/softcare/raw/images/row00263_60635499be67.webp,/Users/guobiao/PRO/me/yoloExample/datasets/softcare/raw/images/row00263_60635499be67.webp,True,64.5,softcare,SOFT&SMOOTH,27
/Users/guobiao/PRO/me/yoloExample/datasets/softcare/raw/images/row00264_9812b6e657b5.webp,,False,42.13,softcare,JETERGEI,15
/Users/guobiao/PRO/me/yoloExample/datasets/softcare/raw/images/row00265_1f634b2b0441.webp,,False,44.55,softcare,THINKAHEAD SUPERMARKET,7
/Users/guobiao/PRO/me/yoloExample/datasets/softcare/raw/images/row00266_98e7546aeeca.webp,,False,35.97,softcare,Detergent Powder,10
/Users/guobiao/PRO/me/yoloExample/datasets/softcare/raw/images/row00267_ee1a1c61c735.webp,/Users/guobiao/PRO/me/yoloExample/datasets/softcare/raw/images/row00267_ee1a1c61c735.webp,True,69.43,softcare,leesoft,17
/Users/guobiao/PRO/me/yoloExample/datasets/softcare/raw/images/row00268_91f4a868c338.webp,/Users/guobiao/PRO/me/yoloExample/datasets/softcare/raw/images/row00268_91f4a868c338.webp,True,63.01,softcare,Xleesoft,14
/Users/guobiao/PRO/me/yoloExample/datasets/softcare/raw/images/row00268_d90e02355241.webp,/Users/guobiao/PRO/me/yoloExample/datasets/softcare/raw/images/row00268_d90e02355241.webp,True,99.06,softcare,ar,23
/Users/guobiao/PRO/me/yoloExample/datasets/softcare/raw/images/row00269_a27a4e3a0810.webp,/Users/guobiao/PRO/me/yoloExample/datasets/softcare/raw/images/row00269_a27a4e3a0810.webp,True,60.66,softcare,tcaoe,16
/Users/guobiao/PRO/me/yoloExample/datasets/softcare/raw/images/row00270_330c5213ca21.webp,,False,53.25,softcare,PHEMIUMISOFT,6
/Users/guobiao/PRO/me/yoloExample/datasets/softcare/raw/images/row00270_7b11f4ae0cfe.webp,,False,46.93,softcare,Kleesot,7
/Users/guobiao/PRO/me/yoloExample/datasets/softcare/raw/images/row00271_c41991913845.webp,,False,31.65,softcare,AKWELEY-SHOP,6
/Users/guobiao/PRO/me/yoloExample/datasets/softcare/raw/images/row00272_e632d0565fa3.webp,,False,22.17,softcare,SUB0023585,4
/Users/guobiao/PRO/me/yoloExample/datasets/softcare/raw/images/row00273_120378fc393f.webp,/Users/guobiao/PRO/me/yoloExample/datasets/softcare/raw/images/row00273_120378fc393f.webp,True,63.37,softcare,HERE,9
/Users/guobiao/PRO/me/yoloExample/datasets/softcare/raw/images/row00273_769c44b44891.webp,/Users/guobiao/PRO/me/yoloExample/datasets/softcare/raw/images/row00273_769c44b44891.webp,True,65.33,softcare,SOFT&SMOOTH,6
/Users/guobiao/PRO/me/yoloExample/datasets/softcare/raw/images/row00274_5f90701feda6.webp,/Users/guobiao/PRO/me/yoloExample/datasets/softcare/raw/images/row00274_5f90701feda6.webp,True,76.78,softcare,esoft,13
/Users/guobiao/PRO/me/yoloExample/datasets/softcare/raw/images/row00274_d24138d8d59f.webp,,False,42.07,softcare,GOD IS ABLE,4
/Users/guobiao/PRO/me/yoloExample/datasets/softcare/raw/images/row00275_16aa0937f275.webp,,False,52.96,softcare,VOLTIC,35
/Users/guobiao/PRO/me/yoloExample/datasets/softcare/raw/images/row00275_2b6d7be655cc.webp,,False,51.63,softcare,AS,16
/Users/guobiao/PRO/me/yoloExample/datasets/softcare/raw/images/row00275_6cc4519682c8.webp,,False,44.82,softcare,RINCYNEEDSMART,5
/Users/guobiao/PRO/me/yoloExample/datasets/softcare/raw/images/row00276_6cf6c6243c8c.webp,,False,52.83,softcare,FAVOUREDSOULENTERPRISE,6
/Users/guobiao/PRO/me/yoloExample/datasets/softcare/raw/images/row00276_a7857cb8c5d1.webp,,False,55.14,softcare,sodent,7
/Users/guobiao/PRO/me/yoloExample/datasets/softcare/raw/images/row00277_c5ef90ccd1a8.webp,,False,49.23,softcare,FOREIGN&LOCALGOODS,4
/Users/guobiao/PRO/me/yoloExample/datasets/softcare/raw/images/row00278_832d64604e1d.webp,/Users/guobiao/PRO/me/yoloExample/datasets/softcare/raw/images/row00278_832d64604e1d.webp,True,64.25,softcare,cane,6
/Users/guobiao/PRO/me/yoloExample/datasets/softcare/raw/images/row00278_a682293ac023.webp,,False,35.17,softcare,OBAAPA GIFTY,7
/Users/guobiao/PRO/me/yoloExample/datasets/softcare/raw/images/row00279_5d7603dda1f9.webp,,False,47.53,softcare,Colate,7
/Users/guobiao/PRO/me/yoloExample/datasets/softcare/raw/images/row00280_102e7be12de5.webp,,False,44.4,softcare,EVENINTHE GRAVEHE'SLORD,4
/Users/guobiao/PRO/me/yoloExample/datasets/softcare/raw/images/row00281_d9ecfd970bc9.webp,,False,49.53,softcare,NEW,33
/Users/guobiao/PRO/me/yoloExample/datasets/softcare/raw/images/row00282_7d110d267e3d.webp,/Users/guobiao/PRO/me/yoloExample/datasets/softcare/raw/images/row00282_7d110d267e3d.webp,True,74.52,softcare,Saftcare,19
/Users/guobiao/PRO/me/yoloExample/datasets/softcare/raw/images/row00283_ee4ba7f53ac8.webp,/Users/guobiao/PRO/me/yoloExample/datasets/softcare/raw/images/row00283_ee4ba7f53ac8.webp,True,73.96,softcare,eesoft,23
/Users/guobiao/PRO/me/yoloExample/datasets/softcare/raw/images/row00284_07f294f3d367.webp,,False,42.42,softcare,TIWALETENTERPRISEANNEX,4
/Users/guobiao/PRO/me/yoloExample/datasets/softcare/raw/images/row00284_814cfeeea8b7.webp,,False,49.86,softcare,CGARIEO,8
/Users/guobiao/PRO/me/yoloExample/datasets/softcare/raw/images/row00285_27ad0aaea148.webp,,False,30.77,softcare,Lavita,6
/Users/guobiao/PRO/me/yoloExample/datasets/softcare/raw/images/row00286_7a49b3264301.webp,,False,49.44,softcare,CRYSTALVENTURES,12
/Users/guobiao/PRO/me/yoloExample/datasets/softcare/raw/images/row00287_1d7e65728b17.webp,/Users/guobiao/PRO/me/yoloExample/datasets/softcare/raw/images/row00287_1d7e65728b17.webp,True,63.26,softcare,lgare,15
/Users/guobiao/PRO/me/yoloExample/datasets/softcare/raw/images/row00287_43b0115e3701.webp,/Users/guobiao/PRO/me/yoloExample/datasets/softcare/raw/images/row00287_43b0115e3701.webp,True,62.6,softcare,Kleesoft,13
/Users/guobiao/PRO/me/yoloExample/datasets/softcare/raw/images/row00287_f58876473f2d.webp,,False,44.16,softcare,epsoden,7
/Users/guobiao/PRO/me/yoloExample/datasets/softcare/raw/images/row00288_4998d0996051.webp,,False,41.22,softcare,Kleeso,11
/Users/guobiao/PRO/me/yoloExample/datasets/softcare/raw/images/row00289_b8cb40943833.webp,,False,40.37,softcare,RUTH ENT.,4
/Users/guobiao/PRO/me/yoloExample/datasets/softcare/raw/images/row00290_46d01e88c539.webp,/Users/guobiao/PRO/me/yoloExample/datasets/softcare/raw/images/row00290_46d01e88c539.webp,True,96.23,softcare,E,15
/Users/guobiao/PRO/me/yoloExample/datasets/softcare/raw/images/row00291_2154e7045383.webp,/Users/guobiao/PRO/me/yoloExample/datasets/softcare/raw/images/row00291_2154e7045383.webp,True,70.47,softcare,leesoft,29
/Users/guobiao/PRO/me/yoloExample/datasets/softcare/raw/images/row00292_025b9005f2f4.webp,,False,38.62,softcare,SEVENTH DESIGN AND TRA...,5
/Users/guobiao/PRO/me/yoloExample/datasets/softcare/raw/images/row00293_67200261c115.webp,,False,43.96,softcare,RO,21
/Users/guobiao/PRO/me/yoloExample/datasets/softcare/raw/images/row00293_9cce3a20a60a.webp,,False,23.99,softcare,ABAKING ENTDOWN,4
/Users/guobiao/PRO/me/yoloExample/datasets/softcare/raw/images/row00294_696ca015bbdd.webp,/Users/guobiao/PRO/me/yoloExample/datasets/softcare/raw/images/row00294_696ca015bbdd.webp,True,71.84,softcare,eesoft,17
/Users/guobiao/PRO/me/yoloExample/datasets/softcare/raw/images/row00295_7cbf3e006fff.webp,,False,49.68,softcare,MEDICATEDSOAP,25
/Users/guobiao/PRO/me/yoloExample/datasets/softcare/raw/images/row00296_22bb736456ec.webp,,False,39.77,softcare,OGINASCO,14
/Users/guobiao/PRO/me/yoloExample/datasets/softcare/raw/images/row00297_61f7ebf7aaed.webp,,False,44.64,softcare,THERESA SHOP,9
/Users/guobiao/PRO/me/yoloExample/datasets/softcare/raw/images/row00298_8ed0a0a06f10.webp,,False,56.27,softcare,NECTAR,9
